issue,url,title,wave,status,dependencies,scenario_ids,scope,verification_run_ids,review_evidence
4,https://github.com/arunmenon/Engram/issues/4,Validate pack-specific event payloads before ledger append,1,planned,27,ING-01;ING-02;HOOK-03,Explicit pack payload contracts and shared preappend validator; preserve indexes/partial outcomes; reject non-object payloads.,,"Astra low bulk bucket1: 2026-10-07-astra-bucket1-review.md; code audit, not closure"
5,https://github.com/arunmenon/Engram/issues/5,"Bind pack source trust to authenticated ingress identity, not caller-supplied agent_id",1,planned,,ING-01;ING-02;OPS-02,"Persist authenticated source identity separately from caller agent_id through generic, signed webhook and import boundaries.",,"Astra low bulk bucket1: 2026-10-07-astra-bucket1-review.md; code audit, not closure"
14,https://github.com/arunmenon/Engram/issues/14,Retry failed live deliveries and reclaim orphaned work without requiring worker restart,1,planned,,SUB-02;SUB-03;ENR-02;OPS-03,"Periodic bounded pending/reclaim retry with durable counts, backoff/fair paging; recover every failed deferred batch member without duplicate buffered processing.",,"Astra low bulk bucket1: 2026-10-07-astra-bucket1-review.md; code audit, not closure"
15,https://github.com/arunmenon/Engram/issues/15,Normalize or reject timezone-inconsistent event envelopes before ingestion,1,implemented,,ING-01,One timezone-aware UTC representation or deliberate refusal before comparison and append.,20261006-cloud-ingress-safety-recheck-ea36e04b,"Astra low bulk bucket1: 2026-10-07-astra-bucket1-review.md; code audit, not closure; scoped implementation remains ready"
16,https://github.com/arunmenon/Engram/issues/16,Reject incomplete and corrupted gzip event bodies before ledger append,1,implemented,,ING-03,Check complete gzip stream/integrity and decoded limits before append.,20261006-cloud-ingress-safety-recheck-ea36e04b,"Astra low bulk bucket1: 2026-10-07-astra-bucket1-review.md; code audit, not closure; scoped implementation remains ready"
17,https://github.com/arunmenon/Engram/issues/17,Validate webhook source shapes and normalized envelopes through the shared ingestion boundary,1,planned,4;5;15;16,HOOK-01;HOOK-02;HOOK-03;OPS-02,Validate source shape then normalized envelope through the shared boundary; retain existing handler mappings.,,"Astra low bulk bucket1: 2026-10-07-astra-bucket1-review.md; code audit, not closure"
19,https://github.com/arunmenon/Engram/issues/19,Protect unprocessed ingestion documents from retention and never silently ACK missing content,1,planned,14,LED-02;SUB-03;LIFE-01,"Protect unread/pending documents across all five groups, including absent cursors and old imports; missing content must never be silently ACKed.",,"Astra low bulk bucket1: 2026-10-07-astra-bucket1-review.md; code audit, not closure"
28,https://github.com/arunmenon/Engram/issues/28,Handle first-chunk Spanner storage failures deliberately in ingestion APIs,1,implemented,27,ING-04;OPS-03;OPS-04,Deliberate unavailable/partial/uncertain-commit responses and duplicate-safe retries preserving committed prefixes.,20261006-cloud-ingress-safety-recheck-ea36e04b,"Astra low bulk bucket1: 2026-10-07-astra-bucket1-review.md; code audit, not closure; single/batch ready, streaming import proof pending"
33,https://github.com/arunmenon/Engram/issues/33,Make admin warm and cold pruning handle missing node similarity scores,1,needs_changes,19,LIFE-03,Real edge-score preview/live predicate; bounded selected-ID deletion plus candidate scan progress/read bounds beyond retained oldest10000 prefix.,20261006-cloud-retention-completion-27c3df0c,"Astra low bulk bucket1: 2026-10-07-astra-bucket1-review.md; code audit, not closure; existing scan progress/read-bound gap requires follow-up"
8,https://github.com/arunmenon/Engram/issues/8,Make pack projection lookups complete and prefix-constrained latest selection correct,2,planned,,PROJ-03,Complete bounded/paginated lookups; apply prefix/cutoff before latest; caps are not read budgets; expose incomplete fan-out.,,"Astra low bulk bucket2: 2026-10-07-astra-bucket2-review.md; code audit, not closure"
9,https://github.com/arunmenon/Engram/issues/9,Preserve provenance for pack-driven lifecycle changes on non-upserted nodes,2,planned,,PROJ-02;PROJ-04,"Transition-only provenance tied to actual outcome, including no-op/rejected/stale/retried transitions.",,"Astra low bulk bucket2: 2026-10-07-astra-bucket2-review.md; code audit, not closure"
10,https://github.com/arunmenon/Engram/issues/10,Preserve pack extraction evidence when extraction runs before projection,2,planned,14;19,EXT-03;PEXT-02,Defer extraction before candidate construction when projection prerequisites are absent; preserve source and proposed-link evidence through partial writes/restart.,,"Astra low bulk bucket2: 2026-10-07-astra-bucket2-review.md; code audit, not closure"
18,https://github.com/arunmenon/Engram/issues/18,Compute session FOLLOWS lineage correctly across projection replicas,2,planned,14,LED-02;SUB-04;PROJ-01;PROJ-04,Authoritative ingestion-order predecessor and durable missing-endpoint repair across replicas/session boundaries; retry-safe cache behavior.,,"Astra low bulk bucket2: 2026-10-07-astra-bucket2-review.md; code audit, not closure"
20,https://github.com/arunmenon/Engram/issues/20,Allow entity-interest provenance writes to complete session extraction on Spanner,2,planned,,EXT-02;USER-01;APP-01,Support typed Entity provenance for interests; preserve idempotency after partial session writes.,,"Astra low bulk bucket2: 2026-10-07-astra-bucket2-review.md; code audit, not closure"
29,https://github.com/arunmenon/Engram/issues/29,Preserve enrichment when its worker runs before Event projection,2,planned,14;19,ENR-01;EXT-03,Expose missing Event projection to enrichment worker; preserve keyword/importance/vector derived fields through duplicate projection and partial retries.,,"Astra low bulk bucket2: 2026-10-07-astra-bucket2-review.md; code audit, not closure"
30,https://github.com/arunmenon/Engram/issues/30,Repair CAUSED_BY links when the accepted causal parent projects later,2,planned,14;18,LED-02;PROJ-01,Durably preserve causal dependency intent for child-first accepted parents; distinguish permanent absence; share endpoint repair with session lineage.,,"Astra low bulk bucket2: 2026-10-07-astra-bucket2-review.md; code audit, not closure"
6,https://github.com/arunmenon/Engram/issues/6,Do not report missing artifact links when completeness reads are incomplete,3,planned,7,ART-04,Per-subject/range completeness before no_link or proposed_only; unknown is separate; preserve affirmative evidence and population uncertainty.,,"Astra low bulk bucket3: 2026-10-07-astra-bucket3-review.md; code audit, not closure"
7,https://github.com/arunmenon/Engram/issues/7,Exclude rejected relationships from artifact traversal and returned evidence,3,planned,,ART-03,Reject inadmissible edges before traversal/frontier and completeness scope joins; avoid unsupported nodes; preserve proposed/legacy policy.,,"Astra low bulk bucket3: 2026-10-07-astra-bucket3-review.md; code audit, not closure"
24,https://github.com/arunmenon/Engram/issues/24,Bound lineage nodes and advance pagination beyond the first path prefix,3,planned,18;31,MEM-02;MEM-05,Unique-node bounds and deterministic traversal continuation beyond path prefix; explicit cross-page/mutation semantics.,,"Astra low bulk bucket3: 2026-10-07-astra-bucket3-review.md; code audit, not closure"
25,https://github.com/arunmenon/Engram/issues/25,Hydrate Entity vector seeds and retrieve their event reference evidence,3,planned,23;29,MEM-03,Typed Entity ANN hydration plus inbound evidence scoped to requested session; typed-ID collision and missing-evidence coverage.,,"Astra low bulk bucket3: 2026-10-07-astra-bucket3-review.md; code audit, not closure"
31,https://github.com/arunmenon/Engram/issues/31,Keep context cursor ordering consistent across distinct event timestamps,3,planned,,MEM-01;MEM-05,One timestamp/event-ID tuple order and strict continuation across all pages; old-cursor policy and storage-order cursor independent of relevance.,,"Astra low bulk bucket3: 2026-10-07-astra-bucket3-review.md; code audit, not closure"
32,https://github.com/arunmenon/Engram/issues/32,Enforce retrieval graph read budgets through Spanner SDK deadlines,3,planned,26,MEM-01;MEM-05,Define deadline scope; propagate remaining budget into acquisition/queries/stream/retries/hydration; prove native work terminates after timeout/cancellation.,,"Astra low bulk bucket3: 2026-10-07-astra-bucket3-review.md; code audit, not closure"
21,https://github.com/arunmenon/Engram/issues/21,Make Spanner admin replay advance across tied event timestamps,4,planned,,LED-02;LIFE-04,Timestamp/event-ID replay cursor advances across tied pages and interrupted retries.,,
22,https://github.com/arunmenon/Engram/issues/22,Count ontology pack nodes and relationships in graph stats and totals,4,planned,,OPS-01,Count composed pack labels and relationships in stats/totals.,,
23,https://github.com/arunmenon/Engram/issues/23,Reject incompatible Spanner vector dimensions during schema handshake,4,implemented,,BOOT-03,Fail startup handshake for incompatible schema dimensions/index definitions; no healthy unusable ANN configuration.,20261006-cloud-json-ed39a292;20261006-cloud-schema-9f308301;20261006-cloud-shutdown-30786378;20261006-cloud-foundation-recheck-a3fcfb53;20261006-cloud-foundation-recheck-2b1052d9,Astra low: ready for evidenced scope; 2026-10-07-astra-implementation-review.md
26,https://github.com/arunmenon/Engram/issues/26,Release owned Spanner SDK session managers on API and worker shutdown,4,needs_changes,,BOOT-01,Register/close owned SDK clients and session managers for API and workers; bounded shutdown with remote cleanup proof.,20261006-cloud-json-ed39a292;20261006-cloud-schema-9f308301;20261006-cloud-shutdown-30786378;20261006-cloud-foundation-recheck-a3fcfb53;20261006-cloud-foundation-recheck-2b1052d9,Astra low: needs changes; 2026-10-07-astra-implementation-review.md
27,https://github.com/arunmenon/Engram/issues/27,Escape literal JSON objects that collide with Spanner float markers,4,needs_changes,,LED-01,Escape reserved codec markers with explicit decoding and existing-data compatibility policy.,20261006-cloud-json-ed39a292;20261006-cloud-schema-9f308301;20261006-cloud-shutdown-30786378;20261006-cloud-foundation-recheck-a3fcfb53;20261006-cloud-foundation-recheck-2b1052d9,Astra low: needs changes; 2026-10-07-astra-implementation-review.md
11,https://github.com/arunmenon/Engram/issues/11,Do not mark a pack mapping upgrade complete after replay write failures,5,planned,8;9;10;18;21;27,ONT-02,Record replay completion only after success; preserve failures and repair on retry/restart.,,
12,https://github.com/arunmenon/Engram/issues/12,Make incomplete ontology rebuilds fail closed unless explicitly accepted,5,planned,11;19;21;27,ONT-03,Fail closed on missing historical documents or partial rebuild; no success gate without complete required evidence.,,
13,https://github.com/arunmenon/Engram/issues/13,Preserve the original Spanner ledger during ontology blue/green graph cutover,5,planned,12;14;19;26,ONT-04,"Keep ledger identity independent of graph target; same-Spanner catchup, switch, rollback and concurrent-write proof.",,
