parent,bucket,issue,url,origin,status
34,Pack contracts and activation,4,https://github.com/arunmenon/Engram/issues/4,reused_existing,open
34,Pack contracts and activation,5,https://github.com/arunmenon/Engram/issues/5,reused_existing,open
34,Pack contracts and activation,35,https://github.com/arunmenon/Engram/issues/35,new_feature,open
34,Source mapping and ingestion,17,https://github.com/arunmenon/Engram/issues/17,reused_existing,open
34,Source mapping and ingestion,28,https://github.com/arunmenon/Engram/issues/28,reused_existing,open
34,Source mapping and ingestion,37,https://github.com/arunmenon/Engram/issues/37,new_feature,open
34,"Projection, ordering and evidence",8,https://github.com/arunmenon/Engram/issues/8,reused_existing,open
34,"Projection, ordering and evidence",9,https://github.com/arunmenon/Engram/issues/9,reused_existing,open
34,"Projection, ordering and evidence",18,https://github.com/arunmenon/Engram/issues/18,reused_existing,open
34,"Projection, ordering and evidence",20,https://github.com/arunmenon/Engram/issues/20,reused_existing,open
34,"Projection, ordering and evidence",29,https://github.com/arunmenon/Engram/issues/29,reused_existing,open
34,"Projection, ordering and evidence",30,https://github.com/arunmenon/Engram/issues/30,reused_existing,open
34,"Projection, ordering and evidence",36,https://github.com/arunmenon/Engram/issues/36,new_feature,open
34,Worker completion and recovery,10,https://github.com/arunmenon/Engram/issues/10,reused_existing,open
34,Worker completion and recovery,14,https://github.com/arunmenon/Engram/issues/14,reused_existing,open
34,Worker completion and recovery,19,https://github.com/arunmenon/Engram/issues/19,reused_existing,open
34,Worker completion and recovery,38,https://github.com/arunmenon/Engram/issues/38,new_feature,open
34,Versioning and replay,11,https://github.com/arunmenon/Engram/issues/11,reused_existing,open
34,Versioning and replay,12,https://github.com/arunmenon/Engram/issues/12,reused_existing,open
34,Versioning and replay,13,https://github.com/arunmenon/Engram/issues/13,reused_existing,open
34,Versioning and replay,21,https://github.com/arunmenon/Engram/issues/21,reused_existing,open
34,Conformance and retrieval acceptance,6,https://github.com/arunmenon/Engram/issues/6,reused_existing,open
34,Conformance and retrieval acceptance,7,https://github.com/arunmenon/Engram/issues/7,reused_existing,open
34,Conformance and retrieval acceptance,22,https://github.com/arunmenon/Engram/issues/22,reused_existing,open
34,Conformance and retrieval acceptance,24,https://github.com/arunmenon/Engram/issues/24,reused_existing,open
34,Conformance and retrieval acceptance,25,https://github.com/arunmenon/Engram/issues/25,reused_existing,open
34,Conformance and retrieval acceptance,31,https://github.com/arunmenon/Engram/issues/31,reused_existing,open
34,Conformance and retrieval acceptance,32,https://github.com/arunmenon/Engram/issues/32,reused_existing,open
34,Conformance and retrieval acceptance,39,https://github.com/arunmenon/Engram/issues/39,new_feature,open
