event_type,phase,source_examples,source_status,required_oracle,execution_status,contract_fixture,domain_behavior,remaining_acceptance
pdlc.change.created,implementation_and_review,GitHub PR/review/commit records; existing reconstructed merge fixtures,partial_source_material_only,Declared contract + semantic mapping + exact graph/evidence OR intentional ledger/extraction-only behavior; retrieval expectation,local_contract_and_pure_plan_checked;cloud_not_executed,tests/fixtures/pack_contracts/pdlc.json#pdlc.change.created,deterministic,full_properties/evidence/retrieval;source_semantics;API/worker/Spanner
pdlc.change.reviewed,implementation_and_review,GitHub PR/review/commit records; existing reconstructed merge fixtures,partial_source_material_only,Declared contract + semantic mapping + exact graph/evidence OR intentional ledger/extraction-only behavior; retrieval expectation,local_contract_and_pure_plan_checked;cloud_not_executed,tests/fixtures/pack_contracts/pdlc.json#pdlc.change.reviewed,deterministic,full_properties/evidence/retrieval;source_semantics;API/worker/Spanner
pdlc.change.merged,implementation_and_review,GitHub PR/review/commit records; existing reconstructed merge fixtures,partial_source_material_only,Declared contract + semantic mapping + exact graph/evidence OR intentional ledger/extraction-only behavior; retrieval expectation,local_contract_and_pure_plan_checked;cloud_not_executed,tests/fixtures/pack_contracts/pdlc.json#pdlc.change.merged,deterministic,full_properties/evidence/retrieval;source_semantics;API/worker/Spanner
pdlc.change.abandoned,implementation_and_review,GitHub PR/review/commit records; existing reconstructed merge fixtures,partial_source_material_only,Declared contract + semantic mapping + exact graph/evidence OR intentional ledger/extraction-only behavior; retrieval expectation,local_contract_and_pure_plan_checked;cloud_not_executed,tests/fixtures/pack_contracts/pdlc.json#pdlc.change.abandoned,deterministic,full_properties/evidence/retrieval;source_semantics;API/worker/Spanner
pdlc.change.updated,implementation_and_review,GitHub PR/review/commit records; existing reconstructed merge fixtures,partial_source_material_only,Declared contract + semantic mapping + exact graph/evidence OR intentional ledger/extraction-only behavior; retrieval expectation,local_contract_and_pure_plan_checked;cloud_not_executed,tests/fixtures/pack_contracts/pdlc.json#pdlc.change.updated,deterministic,full_properties/evidence/retrieval;source_semantics;API/worker/Spanner
pdlc.change.committed,implementation_and_review,GitHub PR/review/commit records; existing reconstructed merge fixtures,partial_source_material_only,Declared contract + semantic mapping + exact graph/evidence OR intentional ledger/extraction-only behavior; retrieval expectation,local_contract_and_pure_plan_checked;cloud_not_executed,tests/fixtures/pack_contracts/pdlc.json#pdlc.change.committed,deterministic,full_properties/evidence/retrieval;source_semantics;API/worker/Spanner
pdlc.release.published,release,GitHub release records; existing reconstructed release fixtures,partial_source_material_only,Declared contract + semantic mapping + exact graph/evidence OR intentional ledger/extraction-only behavior; retrieval expectation,local_contract_and_pure_plan_checked;cloud_not_executed,tests/fixtures/pack_contracts/pdlc.json#pdlc.release.published,deterministic,full_properties/evidence/retrieval;source_semantics;API/worker/Spanner
pdlc.testcaserun.finished,verification,Public CI check records; documented skipped/failure cases,acquisition_and_mapping_pending,Declared contract + semantic mapping + exact graph/evidence OR intentional ledger/extraction-only behavior; retrieval expectation,local_contract_and_pure_plan_checked;cloud_not_executed,tests/fixtures/pack_contracts/pdlc.json#pdlc.testcaserun.finished,deterministic,full_properties/evidence/retrieval;source_semantics;API/worker/Spanner
pdlc.testcaserun.skipped,verification,Public CI check records; documented skipped/failure cases,acquisition_and_mapping_pending,Declared contract + semantic mapping + exact graph/evidence OR intentional ledger/extraction-only behavior; retrieval expectation,local_contract_and_pure_plan_checked;cloud_not_executed,tests/fixtures/pack_contracts/pdlc.json#pdlc.testcaserun.skipped,missing_mapping,full_properties/evidence/retrieval;source_semantics;API/worker/Spanner
pdlc.service.deployed,deployment_and_operations,Public deployment/status examples; explicit rollback/upgrade mapping,acquisition_and_mapping_pending,Declared contract + semantic mapping + exact graph/evidence OR intentional ledger/extraction-only behavior; retrieval expectation,local_contract_and_pure_plan_checked;cloud_not_executed,tests/fixtures/pack_contracts/pdlc.json#pdlc.service.deployed,deterministic,full_properties/evidence/retrieval;source_semantics;API/worker/Spanner
pdlc.service.rolledback,deployment_and_operations,Public deployment/status examples; explicit rollback/upgrade mapping,acquisition_and_mapping_pending,Declared contract + semantic mapping + exact graph/evidence OR intentional ledger/extraction-only behavior; retrieval expectation,local_contract_and_pure_plan_checked;cloud_not_executed,tests/fixtures/pack_contracts/pdlc.json#pdlc.service.rolledback,missing_mapping,full_properties/evidence/retrieval;source_semantics;API/worker/Spanner
pdlc.service.upgraded,deployment_and_operations,Public deployment/status examples; explicit rollback/upgrade mapping,acquisition_and_mapping_pending,Declared contract + semantic mapping + exact graph/evidence OR intentional ledger/extraction-only behavior; retrieval expectation,local_contract_and_pure_plan_checked;cloud_not_executed,tests/fixtures/pack_contracts/pdlc.json#pdlc.service.upgraded,missing_mapping,full_properties/evidence/retrieval;source_semantics;API/worker/Spanner
pdlc.incident.detected,incident_response,Public incident/postmortem/status examples,acquisition_and_mapping_pending,Declared contract + semantic mapping + exact graph/evidence OR intentional ledger/extraction-only behavior; retrieval expectation,local_contract_and_pure_plan_checked;cloud_not_executed,tests/fixtures/pack_contracts/pdlc.json#pdlc.incident.detected,deterministic,full_properties/evidence/retrieval;source_semantics;API/worker/Spanner
pdlc.incident.resolved,incident_response,Public incident/postmortem/status examples,acquisition_and_mapping_pending,Declared contract + semantic mapping + exact graph/evidence OR intentional ledger/extraction-only behavior; retrieval expectation,local_contract_and_pure_plan_checked;cloud_not_executed,tests/fixtures/pack_contracts/pdlc.json#pdlc.incident.resolved,deterministic,full_properties/evidence/retrieval;source_semantics;API/worker/Spanner
pdlc.incident.reported,incident_response,Public incident/postmortem/status examples,acquisition_and_mapping_pending,Declared contract + semantic mapping + exact graph/evidence OR intentional ledger/extraction-only behavior; retrieval expectation,local_contract_and_pure_plan_checked;cloud_not_executed,tests/fixtures/pack_contracts/pdlc.json#pdlc.incident.reported,missing_mapping,full_properties/evidence/retrieval;source_semantics;API/worker/Spanner
pdlc.ticket.created,planning_and_tracking,GitHub issue records (exclude PRs); Jira documented fixtures,partial_source_material_only,Declared contract + semantic mapping + exact graph/evidence OR intentional ledger/extraction-only behavior; retrieval expectation,local_contract_and_pure_plan_checked;cloud_not_executed,tests/fixtures/pack_contracts/pdlc.json#pdlc.ticket.created,deterministic,full_properties/evidence/retrieval;source_semantics;API/worker/Spanner
pdlc.ticket.updated,planning_and_tracking,GitHub issue records (exclude PRs); Jira documented fixtures,partial_source_material_only,Declared contract + semantic mapping + exact graph/evidence OR intentional ledger/extraction-only behavior; retrieval expectation,local_contract_and_pure_plan_checked;cloud_not_executed,tests/fixtures/pack_contracts/pdlc.json#pdlc.ticket.updated,deterministic,full_properties/evidence/retrieval;source_semantics;API/worker/Spanner
pdlc.ticket.closed,planning_and_tracking,GitHub issue records (exclude PRs); Jira documented fixtures,partial_source_material_only,Declared contract + semantic mapping + exact graph/evidence OR intentional ledger/extraction-only behavior; retrieval expectation,local_contract_and_pure_plan_checked;cloud_not_executed,tests/fixtures/pack_contracts/pdlc.json#pdlc.ticket.closed,deterministic,full_properties/evidence/retrieval;source_semantics;API/worker/Spanner
pdlc.request.created,discovery,Public feature request; explicit normalized mapping,acquisition_and_mapping_pending,Declared contract + semantic mapping + exact graph/evidence OR intentional ledger/extraction-only behavior; retrieval expectation,local_contract_and_pure_plan_checked;cloud_not_executed,tests/fixtures/pack_contracts/pdlc.json#pdlc.request.created,missing_mapping,full_properties/evidence/retrieval;source_semantics;API/worker/Spanner
pdlc.spec.approved,specification,Public specification plus explicit approval record,acquisition_and_mapping_pending,Declared contract + semantic mapping + exact graph/evidence OR intentional ledger/extraction-only behavior; retrieval expectation,local_contract_and_pure_plan_checked;cloud_not_executed,tests/fixtures/pack_contracts/pdlc.json#pdlc.spec.approved,deterministic,full_properties/evidence/retrieval;source_semantics;API/worker/Spanner
pdlc.requirement.changed,requirements,Public requirement/spec revision; explicit normalized mapping,acquisition_and_mapping_pending,Declared contract + semantic mapping + exact graph/evidence OR intentional ledger/extraction-only behavior; retrieval expectation,local_contract_and_pure_plan_checked;cloud_not_executed,tests/fixtures/pack_contracts/pdlc.json#pdlc.requirement.changed,missing_mapping,full_properties/evidence/retrieval;source_semantics;API/worker/Spanner
pdlc.design.section_changed,design,Public RFC/design document revision,acquisition_and_mapping_pending,Declared contract + semantic mapping + exact graph/evidence OR intentional ledger/extraction-only behavior; retrieval expectation,local_contract_and_pure_plan_checked;cloud_not_executed,tests/fixtures/pack_contracts/pdlc.json#pdlc.design.section_changed,extraction_only,full_properties/evidence/retrieval;source_semantics;API/worker/Spanner
pdlc.decision.recorded,architecture_decision,Public ADR/decision record,acquisition_and_mapping_pending,Declared contract + semantic mapping + exact graph/evidence OR intentional ledger/extraction-only behavior; retrieval expectation,local_contract_and_pure_plan_checked;cloud_not_executed,tests/fixtures/pack_contracts/pdlc.json#pdlc.decision.recorded,deterministic,full_properties/evidence/retrieval;source_semantics;API/worker/Spanner
