event_type,projection_rule_count,direct_upsert_types,projection_payload_paths_usage_only,builtin_source_adapter_files,pack_extraction_source,current_domain_behavior,required_optional_type_contract_status,target_behavior_decision,fixture_and_api_coverage_status
pdlc.change.created,1,Change,$.body;$.files;$.head_sha;$.number;$.repo;$.title,src/context_graph/sources/github.py,false,deterministic_projection,declared_optional_v1_prototype_pack1.8.0_not_ingress_enforced,deterministic,synthetic_contract_and_pure_plan_fixture;API_enforcement_and_Spanner_pending
pdlc.change.reviewed,1,Review,$.number;$.repo;$.review_id;$.verdict,src/context_graph/sources/github.py,false,deterministic_projection,declared_optional_v1_prototype_pack1.8.0_not_ingress_enforced,deterministic,synthetic_contract_and_pure_plan_fixture;API_enforcement_and_Spanner_pending
pdlc.change.merged,1,Change,$.body;$.files;$.merge_sha;$.number;$.repo;$.title,src/context_graph/sources/github.py,false,deterministic_projection,declared_optional_v1_prototype_pack1.8.0_not_ingress_enforced,deterministic,synthetic_contract_and_pure_plan_fixture;API_enforcement_and_Spanner_pending
pdlc.change.abandoned,1,Change,$.number;$.repo;$.title,src/context_graph/sources/github.py,false,deterministic_projection,declared_optional_v1_prototype_pack1.8.0_not_ingress_enforced,deterministic,synthetic_contract_and_pure_plan_fixture;API_enforcement_and_Spanner_pending
pdlc.change.updated,1,Change,$.body;$.head_sha;$.number;$.repo;$.title,src/context_graph/sources/github.py,false,deterministic_projection,declared_optional_v1_prototype_pack1.8.0_not_ingress_enforced,deterministic,synthetic_contract_and_pure_plan_fixture;API_enforcement_and_Spanner_pending
pdlc.change.committed,1,Change;Review,$.body;$.files;$.repo;$.subject,,false,deterministic_projection,declared_optional_v1_prototype_pack1.8.0_not_ingress_enforced,deterministic,synthetic_contract_and_pure_plan_fixture;API_enforcement_and_Spanner_pending
pdlc.release.published,1,Release,$.entries[*].pr_number;$.entries[*].section;$.has_breaking;$.repo;$.version,src/context_graph/sources/github.py,false,deterministic_projection,declared_optional_v1_prototype_pack1.8.0_not_ingress_enforced,deterministic,synthetic_contract_and_pure_plan_fixture;API_enforcement_and_Spanner_pending
pdlc.testcaserun.finished,1,TestCase;TestRun,$.change_number;$.commit_sha;$.name;$.outcome;$.path;$.repo;$.run_id;$.test_id,src/context_graph/sources/github.py,false,deterministic_projection,declared_optional_v1_prototype_pack1.8.0_not_ingress_enforced,deterministic,synthetic_contract_and_pure_plan_fixture;API_enforcement_and_Spanner_pending
pdlc.testcaserun.skipped,0,,,src/context_graph/sources/github.py,false,no_deterministic_domain_rule,declared_optional_v1_prototype_pack1.8.0_not_ingress_enforced,missing_mapping,synthetic_contract_and_pure_plan_fixture;API_enforcement_and_Spanner_pending
pdlc.service.deployed,1,Component;Deployment,$.artifact_id;$.change_numbers[*];$.environment;$.repo;$.service,src/context_graph/sources/github.py,false,deterministic_projection,declared_optional_v1_prototype_pack1.8.0_not_ingress_enforced,deterministic,synthetic_contract_and_pure_plan_fixture;API_enforcement_and_Spanner_pending
pdlc.service.rolledback,0,,,,false,no_deterministic_domain_rule,declared_optional_v1_prototype_pack1.8.0_not_ingress_enforced,missing_mapping,synthetic_contract_and_pure_plan_fixture;API_enforcement_and_Spanner_pending
pdlc.service.upgraded,0,,,,false,no_deterministic_domain_rule,declared_optional_v1_prototype_pack1.8.0_not_ingress_enforced,missing_mapping,synthetic_contract_and_pure_plan_fixture;API_enforcement_and_Spanner_pending
pdlc.incident.detected,1,Component;Incident,$.artifact_id;$.description;$.environment;$.incident_id;$.service;$.severity,,false,deterministic_projection,declared_optional_v1_prototype_pack1.8.0_not_ingress_enforced,deterministic,synthetic_contract_and_pure_plan_fixture;API_enforcement_and_Spanner_pending
pdlc.incident.resolved,1,Incident,$.incident_id;$.summary,,false,deterministic_projection,declared_optional_v1_prototype_pack1.8.0_not_ingress_enforced,deterministic,synthetic_contract_and_pure_plan_fixture;API_enforcement_and_Spanner_pending
pdlc.incident.reported,0,,,,false,no_deterministic_domain_rule,declared_optional_v1_prototype_pack1.8.0_not_ingress_enforced,missing_mapping,synthetic_contract_and_pure_plan_fixture;API_enforcement_and_Spanner_pending
pdlc.ticket.created,1,WorkItem,$.key;$.parent_key;$.status;$.title;$.tracker;$.work_type,src/context_graph/sources/github.py;src/context_graph/sources/jira.py,false,deterministic_projection,declared_optional_v1_prototype_pack1.8.0_not_ingress_enforced,deterministic,synthetic_contract_and_pure_plan_fixture;API_enforcement_and_Spanner_pending
pdlc.ticket.updated,1,WorkItem,$.key;$.parent_key;$.status;$.title;$.tracker;$.work_type,src/context_graph/sources/github.py;src/context_graph/sources/jira.py,false,deterministic_projection,declared_optional_v1_prototype_pack1.8.0_not_ingress_enforced,deterministic,synthetic_contract_and_pure_plan_fixture;API_enforcement_and_Spanner_pending
pdlc.ticket.closed,1,WorkItem,$.key;$.resolution;$.status;$.title;$.tracker,src/context_graph/sources/github.py;src/context_graph/sources/jira.py,false,deterministic_projection,declared_optional_v1_prototype_pack1.8.0_not_ingress_enforced,deterministic,synthetic_contract_and_pure_plan_fixture;API_enforcement_and_Spanner_pending
pdlc.request.created,0,,,,false,no_deterministic_domain_rule,declared_optional_v1_prototype_pack1.8.0_not_ingress_enforced,missing_mapping,synthetic_contract_and_pure_plan_fixture;API_enforcement_and_Spanner_pending
pdlc.spec.approved,1,Spec,$.acceptance_criteria;$.cited_node_ids[*];$.content_hash;$.doc_id;$.request_ids[*];$.request_system;$.scope;$.source_uri;$.title;$.version,,true,deterministic_projection;pack_extraction,declared_optional_v1_prototype_pack1.8.0_not_ingress_enforced,deterministic,synthetic_contract_and_pure_plan_fixture;API_enforcement_and_Spanner_pending
pdlc.requirement.changed,0,,,,false,no_deterministic_domain_rule,declared_optional_v1_prototype_pack1.8.0_not_ingress_enforced,missing_mapping,synthetic_contract_and_pure_plan_fixture;API_enforcement_and_Spanner_pending
pdlc.design.section_changed,0,,,,true,pack_extraction_only_no_deterministic_domain_rule,declared_optional_v1_prototype_pack1.8.0_not_ingress_enforced,extraction_only,synthetic_contract_and_pure_plan_fixture;API_enforcement_and_Spanner_pending
pdlc.decision.recorded,1,Decision,$.applies_to_node_ids;$.applies_to_node_ids[*];$.rationale;$.source_uri;$.statement;$.supersedes_hash,,false,deterministic_projection,declared_optional_v1_prototype_pack1.8.0_not_ingress_enforced,deterministic,synthetic_contract_and_pure_plan_fixture;API_enforcement_and_Spanner_pending
