run_id,check,scenario_ids,verdict,seconds,error_type,evidence
20261006-cloud-admin-8ba62c96,auth_missing_user_and_metrics,OPS-01;OPS-02;USER-01;USER-02,passed,1.31,,docs/review/spanner-compatibility/runs/20261006-cloud-admin-8ba62c96/observations.json
20261006-cloud-admin-8ba62c96,cold_archive_prune_dry_live_counts_edges_ledger,LIFE-03,passed,9.77,,docs/review/spanner-compatibility/runs/20261006-cloud-admin-8ba62c96/observations.json
20261006-cloud-api-readonly-ae2eb216,health,,passed,,,docs/review/spanner-compatibility/runs/20261006-cloud-api-readonly-ae2eb216/observations.json
20261006-cloud-api-readonly-ae2eb216,ontology,,passed,,,docs/review/spanner-compatibility/runs/20261006-cloud-api-readonly-ae2eb216/observations.json
20261006-cloud-api-readonly-ae2eb216,stats,,passed,,,docs/review/spanner-compatibility/runs/20261006-cloud-api-readonly-ae2eb216/observations.json
20261006-cloud-api-readonly-ae2eb216,empty_context,,passed,,,docs/review/spanner-compatibility/runs/20261006-cloud-api-readonly-ae2eb216/observations.json
20261006-cloud-api-readonly-ae2eb216,missing_lineage,,passed,,,docs/review/spanner-compatibility/runs/20261006-cloud-api-readonly-ae2eb216/observations.json
20261006-cloud-api-readonly-ae2eb216,empty_subgraph,,passed,,,docs/review/spanner-compatibility/runs/20261006-cloud-api-readonly-ae2eb216/observations.json
20261006-cloud-archive-restore-4eb8c0ac,archive_failure_preserves_Spanner_documents,LIFE-02,passed,0.35,,docs/review/spanner-compatibility/runs/20261006-cloud-archive-restore-4eb8c0ac/observations.json
20261006-cloud-archive-restore-4eb8c0ac,FS_archive_list_restore_admin_import_and_projection_recovery,LIFE-02;LIFE-01;ING-05,passed,4.8,,docs/review/spanner-compatibility/runs/20261006-cloud-archive-restore-4eb8c0ac/observations.json
20261006-cloud-artifacts-cc114156,artifact_baseline_real_ingest_projection_gate,APP-03;ART-02;ART-05,passed,4.18,,docs/review/spanner-compatibility/runs/20261006-cloud-artifacts-cc114156/observations.json
20261006-cloud-artifacts-cc114156,incomplete_reads_do_not_claim_absence,ART-04,failed,0.27,AssertionError,docs/review/spanner-compatibility/runs/20261006-cloud-artifacts-cc114156/observations.json
20261006-cloud-artifacts-cc114156,rejected_link_not_traversed_or_cited,ART-03,failed,2.49,AssertionError,docs/review/spanner-compatibility/runs/20261006-cloud-artifacts-cc114156/observations.json
20261006-cloud-boundaries-5778ddba,valid_ingest_duplicate_JSON_roundtrip,ING-01;ING-04;LED-01,passed,0.27,,docs/review/spanner-compatibility/runs/20261006-cloud-boundaries-5778ddba/observations.json
20261006-cloud-boundaries-5778ddba,pack_payload_missing_key_rejected,ING-01,failed,0.17,AssertionError,docs/review/spanner-compatibility/runs/20261006-cloud-boundaries-5778ddba/observations.json
20261006-cloud-boundaries-5778ddba,mixed_timezone_controlled_error,ING-01,failed,0.01,AssertionError,docs/review/spanner-compatibility/runs/20261006-cloud-boundaries-5778ddba/observations.json
20261006-cloud-boundaries-5778ddba,truncated_gzip_rejected,ING-03,failed,0.08,AssertionError,docs/review/spanner-compatibility/runs/20261006-cloud-boundaries-5778ddba/observations.json
20261006-cloud-boundaries-5778ddba,batch_mixed_outcomes_and_boundaries,ING-02,passed,0.09,,docs/review/spanner-compatibility/runs/20261006-cloud-boundaries-5778ddba/observations.json
20261006-cloud-boundaries-5778ddba,historical_import_order_invalid_line_retry,ING-05;LED-02,passed,0.22,,docs/review/spanner-compatibility/runs/20261006-cloud-boundaries-5778ddba/observations.json
20261006-cloud-boundaries-5778ddba,namespace_and_webhook_identity_guards,ING-01;OPS-02,passed,0.01,,docs/review/spanner-compatibility/runs/20261006-cloud-boundaries-5778ddba/observations.json
20261006-cloud-boundaries-5778ddba,webhook_future_envelope_rejected,HOOK-03,failed,0.17,AssertionError,docs/review/spanner-compatibility/runs/20261006-cloud-boundaries-5778ddba/observations.json
20261006-cloud-boundaries-5778ddba,webhook_nested_shape_controlled_error,HOOK-03,failed,0.0,AssertionError,docs/review/spanner-compatibility/runs/20261006-cloud-boundaries-5778ddba/observations.json
20261006-cloud-boundaries-5778ddba,webhook_signature_guard,HOOK-03;OPS-02,passed,0.0,,docs/review/spanner-compatibility/runs/20261006-cloud-boundaries-5778ddba/observations.json
20261006-cloud-boundaries-5778ddba,observability_routes,OPS-01;ONT-01,passed,1.74,,docs/review/spanner-compatibility/runs/20261006-cloud-boundaries-5778ddba/observations.json
20261006-cloud-combined-d3dac25e,combined_CRM_import_and_signed_PDLC,ING-05;APP-03;APP-04,passed,1.24,,docs/review/spanner-compatibility/runs/20261006-cloud-combined-d3dac25e/observations.json
20261006-cloud-combined-d3dac25e,combined_pack_process_projection,APP-04;PROJ-02;BOOT-01,passed,20.94,,docs/review/spanner-compatibility/runs/20261006-cloud-combined-d3dac25e/observations.json
20261006-cloud-combined-d3dac25e,combined_pack_gates_and_HTTP_questions,APP-04;ART-05;ART-02;APP-02,passed,22.83,,docs/review/spanner-compatibility/runs/20261006-cloud-combined-d3dac25e/observations.json
20261006-cloud-commit-cases-61ce4449,simultaneous_duplicate_different_payload_first_write_wins,ING-01;LED-02;SUB-04,passed,1.22,,docs/review/spanner-compatibility/runs/20261006-cloud-commit-cases-61ce4449/observations.json
20261006-cloud-commit-cases-61ce4449,exact_two_row_commit_budget_partial_failure_retry,ING-02;OPS-04;LED-02,passed,1.81,,docs/review/spanner-compatibility/runs/20261006-cloud-commit-cases-61ce4449/observations.json
20261006-cloud-commit-cases-61ce4449,single_over_configured_byte_budget_delegated_to_service,OPS-04,passed,0.26,,docs/review/spanner-compatibility/runs/20261006-cloud-commit-cases-61ce4449/observations.json
20261006-cloud-commit-cases-6773b3cc,simultaneous_duplicate_different_payload_first_write_wins,ING-01;LED-02;SUB-04,failed,1.36,TypeError,docs/review/spanner-compatibility/runs/20261006-cloud-commit-cases-6773b3cc/observations.json
20261006-cloud-commit-cases-6773b3cc,exact_two_row_commit_budget_partial_failure_retry,ING-02;OPS-04;LED-02,passed,1.99,,docs/review/spanner-compatibility/runs/20261006-cloud-commit-cases-6773b3cc/observations.json
20261006-cloud-commit-cases-6773b3cc,single_over_configured_byte_budget_delegated_to_service,OPS-04,failed,0.27,AttributeError,docs/review/spanner-compatibility/runs/20261006-cloud-commit-cases-6773b3cc/observations.json
20261006-cloud-concurrency-daf16e16,two_replica_same_session_lineage,SUB-04;PROJ-01;LED-02,failed,10.01,AssertionError,docs/review/spanner-compatibility/runs/20261006-cloud-concurrency-daf16e16/observations.json
20261006-cloud-concurrency-daf16e16,orphan_recovery_multiple_pending_pages,SUB-01;SUB-03;PROJ-01,passed,13.0,,docs/review/spanner-compatibility/runs/20261006-cloud-concurrency-daf16e16/observations.json
20261006-cloud-consolidation-completion-59bb437b,consolidation_threshold_manual_trigger_episodes_repeated_ids_and_evidence,CONS-01,passed,14.79,,docs/review/spanner-compatibility/runs/20261006-cloud-consolidation-completion-59bb437b/observations.json
20261006-cloud-consolidation-completion-59bb437b,consolidation_same_worker_overlap_guard,CONS-01,passed,5.22,,docs/review/spanner-compatibility/runs/20261006-cloud-consolidation-completion-59bb437b/observations.json
20261006-cloud-consolidation-completion-59bb437b,consolidation_provider_failure_releases_lock_and_next_cycle_recovers,CONS-01,passed,5.25,,docs/review/spanner-compatibility/runs/20261006-cloud-consolidation-completion-59bb437b/observations.json
20261006-cloud-context-completion-6c14d9b2,context-ties_pagination_access_and_missing,MEM-01;MEM-05,passed,1.93,,docs/review/spanner-compatibility/runs/20261006-cloud-context-completion-6c14d9b2/observations.json
20261006-cloud-context-completion-6c14d9b2,context-distinct_pagination_access_and_missing,MEM-01;MEM-05,failed,1.31,AssertionError,docs/review/spanner-compatibility/runs/20261006-cloud-context-completion-6c14d9b2/observations.json
20261006-cloud-context-completion-6c14d9b2,context_enforces_graph_read_time_budget,MEM-01;MEM-05,failed,0.7,AssertionError,docs/review/spanner-compatibility/runs/20261006-cloud-context-completion-6c14d9b2/observations.json
20261006-cloud-endpoints-f098c7f4,tied_event_projection_and_JSON,LED-01;PROJ-01;ING-02,passed,7.52,,docs/review/spanner-compatibility/runs/20261006-cloud-endpoints-f098c7f4/observations.json
20261006-cloud-endpoints-f098c7f4,context_tied_keyset_pages_empty_and_bounds,MEM-01;MEM-05,passed,2.64,,docs/review/spanner-compatibility/runs/20261006-cloud-endpoints-f098c7f4/observations.json
20261006-cloud-endpoints-f098c7f4,lineage_node_depth_bounds_and_missing,MEM-02;MEM-05,failed,1.13,AssertionError,docs/review/spanner-compatibility/runs/20261006-cloud-endpoints-f098c7f4/observations.json
20261006-cloud-endpoints-f098c7f4,native_ANN_multivector_topk_threshold,SEARCH-02,passed,1.14,,docs/review/spanner-compatibility/runs/20261006-cloud-endpoints-f098c7f4/observations.json
20261006-cloud-endpoints-f098c7f4,HTTP_graph_vector_combined_and_empty_keyword_filter,MEM-03;SEARCH-01;SEARCH-02,failed,0.96,AssertionError,docs/review/spanner-compatibility/runs/20261006-cloud-endpoints-f098c7f4/observations.json
20261006-cloud-endpoints-f098c7f4,feedback_ledger_success_graph_partial_failure_retry_semantics,FB-02,failed,4.29,AssertionError,docs/review/spanner-compatibility/runs/20261006-cloud-endpoints-f098c7f4/observations.json
20261006-cloud-endpoints-fa84c6f7,tied_event_projection_and_JSON,LED-01;PROJ-01;ING-02,passed,6.54,,docs/review/spanner-compatibility/runs/20261006-cloud-endpoints-fa84c6f7/observations.json
20261006-cloud-endpoints-fa84c6f7,context_tied_keyset_pages_empty_and_bounds,MEM-01;MEM-05,passed,2.23,,docs/review/spanner-compatibility/runs/20261006-cloud-endpoints-fa84c6f7/observations.json
20261006-cloud-endpoints-fa84c6f7,lineage_node_depth_bounds_and_missing,MEM-02;MEM-05,failed,1.08,AssertionError,docs/review/spanner-compatibility/runs/20261006-cloud-endpoints-fa84c6f7/observations.json
20261006-cloud-endpoints-fa84c6f7,lineage_pages_complete_causal_chain,MEM-02;MEM-05,failed,1.39,AssertionError,docs/review/spanner-compatibility/runs/20261006-cloud-endpoints-fa84c6f7/observations.json
20261006-cloud-endpoints-fa84c6f7,native_ANN_multivector_topk_threshold,SEARCH-02,passed,1.43,,docs/review/spanner-compatibility/runs/20261006-cloud-endpoints-fa84c6f7/observations.json
20261006-cloud-endpoints-fa84c6f7,HTTP_graph_vector_combined_and_empty_keyword_filter,MEM-03;SEARCH-01;SEARCH-02,failed,0.94,AssertionError,docs/review/spanner-compatibility/runs/20261006-cloud-endpoints-fa84c6f7/observations.json
20261006-cloud-endpoints-fa84c6f7,feedback_ledger_success_graph_partial_failure_retry_semantics,FB-02,passed,4.19,,docs/review/spanner-compatibility/runs/20261006-cloud-endpoints-fa84c6f7/observations.json
20261006-cloud-enrichment-cases-b8ea023e,enrichment_disabled,ENR-02,passed,8.56,,docs/review/spanner-compatibility/runs/20261006-cloud-enrichment-cases-b8ea023e/observations.json
20261006-cloud-enrichment-cases-b8ea023e,enrichment_provider_failure,ENR-02,passed,10.47,,docs/review/spanner-compatibility/runs/20261006-cloud-enrichment-cases-b8ea023e/observations.json
20261006-cloud-enrichment-cases-b8ea023e,enrichment_short_vector,ENR-02,passed,9.25,,docs/review/spanner-compatibility/runs/20261006-cloud-enrichment-cases-b8ea023e/observations.json
20261006-cloud-enrichment-cases-b8ea023e,enrichment_zero_vector,ENR-02,passed,8.6,,docs/review/spanner-compatibility/runs/20261006-cloud-enrichment-cases-b8ea023e/observations.json
20261006-cloud-enrichment-cases-b8ea023e,enrichment_storage_failure,ENR-02;SUB-02,failed,12.47,AssertionError,docs/review/spanner-compatibility/runs/20261006-cloud-enrichment-cases-b8ea023e/observations.json
20261006-cloud-evaluation-completion-3a6830b2,evaluation_pending_explicit409_auto_metadata_TTL_read_error_and_recovery,ART-05;ONT-01,passed,4.74,,docs/review/spanner-compatibility/runs/20261006-cloud-evaluation-completion-3a6830b2/observations.json
20261006-cloud-evaluation-completion-97ec1d55,evaluation_pending_explicit409_auto_metadata_TTL_read_error_and_recovery,ART-05;ONT-01,passed,2.88,,docs/review/spanner-compatibility/runs/20261006-cloud-evaluation-completion-97ec1d55/observations.json
20261006-cloud-evaluation-completion-97ec1d55,combined_PDLC_CRM_pending_admission_namespace_weights_and_status,ART-05;ONT-01,passed,2.42,,docs/review/spanner-compatibility/runs/20261006-cloud-evaluation-completion-97ec1d55/observations.json
20261006-cloud-evaluation-completion-97ec1d55,missing_failing_evaluation_sets_record_and_no_record_modes,ONT-01,passed,18.37,,docs/review/spanner-compatibility/runs/20261006-cloud-evaluation-completion-97ec1d55/observations.json
20261006-cloud-extraction-completion-1ba7b6cd,extraction_invalid-json_no_invalid_writes_and_ACK,EXT-01,passed,2.49,,docs/review/spanner-compatibility/runs/20261006-cloud-extraction-completion-1ba7b6cd/observations.json
20261006-cloud-extraction-completion-1ba7b6cd,extraction_invalid-items_no_invalid_writes_and_ACK,EXT-01,passed,2.03,,docs/review/spanner-compatibility/runs/20261006-cloud-extraction-completion-1ba7b6cd/observations.json
20261006-cloud-extraction-completion-1ba7b6cd,extraction_outage_no_invalid_writes_and_ACK,EXT-01,passed,2.55,,docs/review/spanner-compatibility/runs/20261006-cloud-extraction-completion-1ba7b6cd/observations.json
20261006-cloud-extraction-completion-1ba7b6cd,extraction_mid_session_interval_collects_real_ledger_docs,EXT-01,passed,2.5,,docs/review/spanner-compatibility/runs/20261006-cloud-extraction-completion-1ba7b6cd/observations.json
20261006-cloud-extraction-completion-1ba7b6cd,validated_entity_alias_resolution_references_and_repeated_cluster_writes,EXT-01;CONS-02,passed,15.48,,docs/review/spanner-compatibility/runs/20261006-cloud-extraction-completion-1ba7b6cd/observations.json
20261006-cloud-extraction-completion-4f303033,phase_setup,BOOT-02;BOOT-03,blocked,0,AttributeError,docs/review/spanner-compatibility/runs/20261006-cloud-extraction-completion-4f303033/observations.json
20261006-cloud-feedback-recheck-52e9c622,phase_setup,BOOT-02;BOOT-03,blocked,0,ImportError,docs/review/spanner-compatibility/runs/20261006-cloud-feedback-recheck-52e9c622/observations.json
20261006-cloud-foundation-recheck-2b1052d9,JSON_literal_float_marker_numeric_tag,LED-01,passed,0.4,,docs/review/spanner-compatibility/runs/20261006-cloud-foundation-recheck-2b1052d9/observations.json
20261006-cloud-foundation-recheck-2b1052d9,JSON_literal_float_marker_text_tag,LED-01,passed,0.26,,docs/review/spanner-compatibility/runs/20261006-cloud-foundation-recheck-2b1052d9/observations.json
20261006-cloud-foundation-recheck-2b1052d9,graph_node_and_edge_codec_marker_roundtrip,LED-01,passed,0.84,,docs/review/spanner-compatibility/runs/20261006-cloud-foundation-recheck-2b1052d9/observations.json
20261006-cloud-foundation-recheck-2b1052d9,startup_dimension_mismatch,BOOT-03;OPS-03,passed,13.73,,docs/review/spanner-compatibility/runs/20261006-cloud-foundation-recheck-2b1052d9/observations.json
20261006-cloud-foundation-recheck-2b1052d9,API_lifecycle_releases_owned_Spanner_session_manager,BOOT-01,passed,3.43,,docs/review/spanner-compatibility/runs/20261006-cloud-foundation-recheck-2b1052d9/observations.json
20261006-cloud-foundation-recheck-a3fcfb53,JSON_literal_float_marker_numeric_tag,LED-01,passed,0.26,,docs/review/spanner-compatibility/runs/20261006-cloud-foundation-recheck-a3fcfb53/observations.json
20261006-cloud-foundation-recheck-a3fcfb53,JSON_literal_float_marker_text_tag,LED-01,passed,0.25,,docs/review/spanner-compatibility/runs/20261006-cloud-foundation-recheck-a3fcfb53/observations.json
20261006-cloud-foundation-recheck-a3fcfb53,graph_node_and_edge_codec_marker_roundtrip,LED-01,failed,0.65,AssertionError,docs/review/spanner-compatibility/runs/20261006-cloud-foundation-recheck-a3fcfb53/observations.json
20261006-cloud-foundation-recheck-a3fcfb53,startup_dimension_mismatch,BOOT-03;OPS-03,passed,13.65,,docs/review/spanner-compatibility/runs/20261006-cloud-foundation-recheck-a3fcfb53/observations.json
20261006-cloud-foundation-recheck-a3fcfb53,API_lifecycle_releases_owned_Spanner_session_manager,BOOT-01,passed,3.24,,docs/review/spanner-compatibility/runs/20261006-cloud-foundation-recheck-a3fcfb53/observations.json
20261006-cloud-ingress-completion-197593e8,configured_batch_empty_max_over_max_mixed_indices_and_conflicts,ING-02,passed,0.92,,docs/review/spanner-compatibility/runs/20261006-cloud-ingress-completion-197593e8/observations.json
20261006-cloud-ingress-completion-197593e8,batch_rejects_missing_pack_key_before_append,ING-02,failed,0.33,AssertionError,docs/review/spanner-compatibility/runs/20261006-cloud-ingress-completion-197593e8/observations.json
20261006-cloud-ingress-completion-197593e8,historical_import_malformed_line_exact_limit_and_occurrence_ties,ING-05,passed,0.92,,docs/review/spanner-compatibility/runs/20261006-cloud-ingress-completion-197593e8/observations.json
20261006-cloud-ingress-completion-197593e8,streamed_import_committed_prefix_failure_stops_and_safe_retry,ING-05,passed,0.96,,docs/review/spanner-compatibility/runs/20261006-cloud-ingress-completion-197593e8/observations.json
20261006-cloud-ingress-completion-197593e8,explicit_input_import_preserves_input_not_occurrence_order,ING-05,passed,0.41,,docs/review/spanner-compatibility/runs/20261006-cloud-ingress-completion-197593e8/observations.json
20261006-cloud-ingress-completion-197593e8,encoded_and_decoded_payload_size_limits_prevent_append,OPS-02;ING-03,passed,0.22,,docs/review/spanner-compatibility/runs/20261006-cloud-ingress-completion-197593e8/observations.json
20261006-cloud-ingress-completion-6772f3ca,configured_batch_empty_max_over_max_mixed_indices_and_conflicts,ING-02,failed,0.56,AssertionError,docs/review/spanner-compatibility/runs/20261006-cloud-ingress-completion-6772f3ca/observations.json
20261006-cloud-ingress-completion-6772f3ca,batch_rejects_missing_pack_key_before_append,ING-02,failed,0.16,AssertionError,docs/review/spanner-compatibility/runs/20261006-cloud-ingress-completion-6772f3ca/observations.json
20261006-cloud-ingress-completion-6772f3ca,historical_import_malformed_line_exact_limit_and_occurrence_ties,ING-05,passed,0.71,,docs/review/spanner-compatibility/runs/20261006-cloud-ingress-completion-6772f3ca/observations.json
20261006-cloud-ingress-completion-6772f3ca,streamed_import_committed_prefix_failure_stops_and_safe_retry,ING-05,passed,0.6,,docs/review/spanner-compatibility/runs/20261006-cloud-ingress-completion-6772f3ca/observations.json
20261006-cloud-ingress-completion-6772f3ca,explicit_input_import_preserves_input_not_occurrence_order,ING-05,passed,0.26,,docs/review/spanner-compatibility/runs/20261006-cloud-ingress-completion-6772f3ca/observations.json
20261006-cloud-ingress-completion-6772f3ca,encoded_and_decoded_payload_size_limits_prevent_append,OPS-02;ING-03,passed,0.17,,docs/review/spanner-compatibility/runs/20261006-cloud-ingress-completion-6772f3ca/observations.json
20261006-cloud-ingress-safety-recheck-62a07579,timezone_refusal_all_ingress_routes_and_aware_UTC_storage,ING-01;ING-02;ING-05,failed,0.14,AssertionError,docs/review/spanner-compatibility/runs/20261006-cloud-ingress-safety-recheck-62a07579/observations.json
20261006-cloud-ingress-safety-recheck-62a07579,gzip_complete_member_required_before_append,ING-03,passed,0.53,,docs/review/spanner-compatibility/runs/20261006-cloud-ingress-safety-recheck-62a07579/observations.json
20261006-cloud-ingress-safety-recheck-ea36e04b,timezone_refusal_all_ingress_routes_and_aware_UTC_storage,ING-01;ING-02;ING-05,passed,0.61,,docs/review/spanner-compatibility/runs/20261006-cloud-ingress-safety-recheck-ea36e04b/observations.json
20261006-cloud-ingress-safety-recheck-ea36e04b,gzip_complete_member_required_before_append,ING-03,passed,0.53,,docs/review/spanner-compatibility/runs/20261006-cloud-ingress-safety-recheck-ea36e04b/observations.json
20261006-cloud-ingress-safety-recheck-ea36e04b,transient_single_batch_first_chunk_and_uncertain_commit_safe_retries,ING-04;OPS-03,passed,2.11,,docs/review/spanner-compatibility/runs/20261006-cloud-ingress-safety-recheck-ea36e04b/observations.json
20261006-cloud-journeys-3fad4ab3,agent_memory_API_worker_journey,APP-01;ING-01;PROJ-01;ENR-01;MEM-01;MEM-02;MEM-03,failed,21.23,AssertionError,docs/review/spanner-compatibility/runs/20261006-cloud-journeys-3fad4ab3/observations.json
20261006-cloud-journeys-3fad4ab3,signed_PDLC_API_projection_artifact_extraction,APP-02;HOOK-01;HOOK-02;ART-01;PEXT-01;PEXT-02;ONT-01,failed,8.6,KeyError,docs/review/spanner-compatibility/runs/20261006-cloud-journeys-3fad4ab3/observations.json
20261006-cloud-journeys-3fad4ab3,CRM_API_projection_gate_retrieval,APP-03;ING-02;PROJ-02;ART-02;ART-05,failed,7.8,AssertionError,docs/review/spanner-compatibility/runs/20261006-cloud-journeys-3fad4ab3/observations.json
20261006-cloud-journeys-59e6f628,agent_memory_API_worker_journey,APP-01;ING-01;PROJ-01;ENR-01;MEM-01;MEM-02;MEM-03,passed,14.56,,docs/review/spanner-compatibility/runs/20261006-cloud-journeys-59e6f628/observations.json
20261006-cloud-journeys-59e6f628,signed_PDLC_API_projection_artifact_extraction,APP-02;HOOK-01;HOOK-02;ART-01;PEXT-01;PEXT-02;ONT-01,passed,30.58,,docs/review/spanner-compatibility/runs/20261006-cloud-journeys-59e6f628/observations.json
20261006-cloud-journeys-59e6f628,CRM_API_projection_gate_retrieval,APP-03;ING-02;PROJ-02;ART-02;ART-05,passed,19.81,,docs/review/spanner-compatibility/runs/20261006-cloud-journeys-59e6f628/observations.json
20261006-cloud-json-22af9759,JSON_literal_float_marker_numeric_tag,LED-01,failed,0.24,AssertionError,docs/review/spanner-compatibility/runs/20261006-cloud-json-22af9759/observations.json
20261006-cloud-json-22af9759,JSON_literal_float_marker_text_tag,LED-01,failed,0.23,AssertionError,docs/review/spanner-compatibility/runs/20261006-cloud-json-22af9759/observations.json
20261006-cloud-json-ed39a292,JSON_literal_float_marker_numeric_tag,LED-01,passed,0.2,,docs/review/spanner-compatibility/runs/20261006-cloud-json-ed39a292/observations.json
20261006-cloud-json-ed39a292,JSON_literal_float_marker_text_tag,LED-01,passed,0.2,,docs/review/spanner-compatibility/runs/20261006-cloud-json-ed39a292/observations.json
20261006-cloud-keyword-features-5cb93390,native_keyword_case_unicode_punctuation_empty_and_session_filter,SEARCH-01,passed,0.57,,docs/review/spanner-compatibility/runs/20261006-cloud-keyword-features-5cb93390/observations.json
20261006-cloud-keyword-features-5cb93390,keyword_only_API_hydration_and_session_isolation,MEM-03;SEARCH-01,failed,0.01,AssertionError,docs/review/spanner-compatibility/runs/20261006-cloud-keyword-features-5cb93390/observations.json
20261006-cloud-keyword-features-5cb93390,PPR_MMR_HyDE_RRF_decay_enabled_API_smoke,MEM-04,failed,0.46,AssertionError,docs/review/spanner-compatibility/runs/20261006-cloud-keyword-features-5cb93390/observations.json
20261006-cloud-keyword-features-5cb93390,keyword_failure_HyDE_timeout_graph_fallback,MEM-03;MEM-04,failed,0.0,AssertionError,docs/review/spanner-compatibility/runs/20261006-cloud-keyword-features-5cb93390/observations.json
20261006-cloud-keyword-features-601ffec7,native_keyword_case_unicode_punctuation_empty_and_session_filter,SEARCH-01,passed,0.62,,docs/review/spanner-compatibility/runs/20261006-cloud-keyword-features-601ffec7/observations.json
20261006-cloud-keyword-features-601ffec7,keyword_only_API_hydration_and_session_isolation,MEM-03;SEARCH-01,passed,0.6,,docs/review/spanner-compatibility/runs/20261006-cloud-keyword-features-601ffec7/observations.json
20261006-cloud-keyword-features-601ffec7,PPR_MMR_HyDE_RRF_decay_enabled_API_smoke,MEM-04,passed,1.08,,docs/review/spanner-compatibility/runs/20261006-cloud-keyword-features-601ffec7/observations.json
20261006-cloud-keyword-features-601ffec7,keyword_failure_HyDE_timeout_graph_fallback,MEM-03;MEM-04,passed,10.8,,docs/review/spanner-compatibility/runs/20261006-cloud-keyword-features-601ffec7/observations.json
20261006-cloud-knowledge-ca060841,entity_user_extraction_read_export,EXT-01;EXT-02;USER-01;APP-01,failed,62.78,TimeoutError,docs/review/spanner-compatibility/runs/20261006-cloud-knowledge-ca060841/observations.json
20261006-cloud-knowledge-ca060841,feedback_audit_and_missing_node_resubmission,FB-01,passed,1.09,,docs/review/spanner-compatibility/runs/20261006-cloud-knowledge-ca060841/observations.json
20261006-cloud-knowledge-ca060841,admin_and_timer_consolidation,CONS-01;CONS-02,passed,3.62,,docs/review/spanner-compatibility/runs/20261006-cloud-knowledge-ca060841/observations.json
20261006-cloud-knowledge-ca060841,user_delete_shared_resource_preservation,USER-02,passed,1.21,,docs/review/spanner-compatibility/runs/20261006-cloud-knowledge-ca060841/observations.json
20261006-cloud-knowledge-safe-3709f47e,entity_user_extraction_read_export,EXT-01;EXT-02;USER-01;APP-01,passed,23.7,,docs/review/spanner-compatibility/runs/20261006-cloud-knowledge-safe-3709f47e/observations.json
20261006-cloud-knowledge-safe-3709f47e,feedback_audit_and_missing_node_resubmission,FB-01,passed,2.43,,docs/review/spanner-compatibility/runs/20261006-cloud-knowledge-safe-3709f47e/observations.json
20261006-cloud-knowledge-safe-3709f47e,admin_and_timer_consolidation,CONS-01;CONS-02,passed,9.02,,docs/review/spanner-compatibility/runs/20261006-cloud-knowledge-safe-3709f47e/observations.json
20261006-cloud-knowledge-safe-3709f47e,user_delete_shared_resource_preservation,USER-02,passed,3.01,,docs/review/spanner-compatibility/runs/20261006-cloud-knowledge-safe-3709f47e/observations.json
20261006-cloud-live-pack-463a33c4,real_configured_LLM_pack_proposal_persisted_with_Spanner_evidence,APP-05;PEXT-01,passed,7.83,,docs/review/spanner-compatibility/runs/20261006-cloud-live-pack-463a33c4/observations.json
20261006-cloud-maintenance-99735438,full_consolidation_timer_centrality_forgetting_orphans_housekeeping,CONS-01;CONS-02;LIFE-03,passed,7.87,,docs/review/spanner-compatibility/runs/20261006-cloud-maintenance-99735438/observations.json
20261006-cloud-ontology-359246f7,owned_same_backend_ontology_rebuild,ONT-03,passed,20.47,,docs/review/spanner-compatibility/runs/20261006-cloud-ontology-359246f7/observations.json
20261006-cloud-ontology-359246f7,Spanner_graph_cutover_preserves_source_ledger,ONT-04,failed,1.38,AssertionError,docs/review/spanner-compatibility/runs/20261006-cloud-ontology-359246f7/observations.json
20261006-cloud-ontology-9e43d094,owned_rebuild_database_access_or_provisioning,ONT-03;ONT-04,blocked,0,PermissionDenied,docs/review/spanner-compatibility/runs/20261006-cloud-ontology-9e43d094/observations.json
20261006-cloud-ontology-d985f707,owned_rebuild_database_provisioning,ONT-03;ONT-04,blocked,0,PermissionDenied,docs/review/spanner-compatibility/runs/20261006-cloud-ontology-d985f707/observations.json
20261006-cloud-ordering-races-28efabf7,enrichment_first_preserves_keywords_and_embedding_after_projection,ENR-01;EXT-03,failed,9.01,AssertionError,docs/review/spanner-compatibility/runs/20261006-cloud-ordering-races-28efabf7/observations.json
20261006-cloud-ordering-races-28efabf7,late_causal_parent_repairs_acknowledged_child_edge,PROJ-01;LED-02,failed,9.78,AssertionError,docs/review/spanner-compatibility/runs/20261006-cloud-ordering-races-28efabf7/observations.json
20261006-cloud-pack-cases-143609a6,pack_latest_lookup_exceeds_limit_out_of_occurrence_order,PROJ-03,passed,4.68,,docs/review/spanner-compatibility/runs/20261006-cloud-pack-cases-143609a6/observations.json
20261006-cloud-pack-cases-143609a6,pack_component_prefix_match_beyond_lookup_limit,PROJ-03,failed,2.17,AssertionError,docs/review/spanner-compatibility/runs/20261006-cloud-pack-cases-143609a6/observations.json
20261006-cloud-pack-cases-143609a6,review_lifecycle_transition_has_direct_provenance,PROJ-04,failed,4.5,AssertionError,docs/review/spanner-compatibility/runs/20261006-cloud-pack-cases-143609a6/observations.json
20261006-cloud-pack-cases-143609a6,pack_extraction_first_preserves_source_evidence_after_projection,PEXT-02;EXT-03,failed,3.93,AssertionError,docs/review/spanner-compatibility/runs/20261006-cloud-pack-cases-143609a6/observations.json
20261006-cloud-pack-completion-06299088,pack_list-answer_refused_without_writes_ACK,PEXT-01,passed,1.34,,docs/review/spanner-compatibility/runs/20261006-cloud-pack-completion-06299088/observations.json
20261006-cloud-pack-completion-06299088,pack_nonlist-nodes_refused_without_writes_ACK,PEXT-01,passed,1.05,,docs/review/spanner-compatibility/runs/20261006-cloud-pack-completion-06299088/observations.json
20261006-cloud-pack-completion-06299088,pack_invalid-fields_refused_without_writes_ACK,PEXT-01,passed,1.05,,docs/review/spanner-compatibility/runs/20261006-cloud-pack-completion-06299088/observations.json
20261006-cloud-pack-completion-06299088,pack_no_model_answer_raises_for_retry_without_writes,PEXT-01,passed,0.7,,docs/review/spanner-compatibility/runs/20261006-cloud-pack-completion-06299088/observations.json
20261006-cloud-pack-completion-3ff72cde,pack_list-answer_refused_without_writes_ACK,PEXT-01,passed,2.62,,docs/review/spanner-compatibility/runs/20261006-cloud-pack-completion-3ff72cde/observations.json
20261006-cloud-pack-completion-3ff72cde,pack_nonlist-nodes_refused_without_writes_ACK,PEXT-01,passed,1.98,,docs/review/spanner-compatibility/runs/20261006-cloud-pack-completion-3ff72cde/observations.json
20261006-cloud-pack-completion-3ff72cde,pack_invalid-fields_refused_without_writes_ACK,PEXT-01,failed,2.01,AssertionError,docs/review/spanner-compatibility/runs/20261006-cloud-pack-completion-3ff72cde/observations.json
20261006-cloud-pack-completion-3ff72cde,pack_no_model_answer_raises_for_retry_without_writes,PEXT-01,failed,1.35,AssertionError,docs/review/spanner-compatibility/runs/20261006-cloud-pack-completion-3ff72cde/observations.json
20261006-cloud-pack-policy-85dedd72,pack_invalid_model_JSON_acknowledged_without_proposal,PEXT-01,passed,5.05,,docs/review/spanner-compatibility/runs/20261006-cloud-pack-policy-85dedd72/observations.json
20261006-cloud-pack-policy-85dedd72,pack_bounded_proposal_confidence_trust_and_unknown_link,PEXT-01;PEXT-02,passed,6.18,,docs/review/spanner-compatibility/runs/20261006-cloud-pack-policy-85dedd72/observations.json
20261006-cloud-pack-policy-85dedd72,pack_proposal_preserves_existing_authoritative_properties,PEXT-02,passed,5.95,,docs/review/spanner-compatibility/runs/20261006-cloud-pack-policy-85dedd72/observations.json
20261006-cloud-pdlc-8c327a69,PDLC_signed_webhook_full_fixture_evaluation,APP-02;ART-01;ONT-01;PEXT-01;PEXT-02,passed,59.85,,docs/review/spanner-compatibility/runs/20261006-cloud-pdlc-8c327a69/observations.json
20261006-cloud-pdlc-8c327a69,PDLC_real_target_rebuild_evaluation,ONT-03;APP-02;ART-01,passed,66.47,,docs/review/spanner-compatibility/runs/20261006-cloud-pdlc-8c327a69/observations.json
20261006-cloud-pdlc-8c327a69,PDLC_OpenDAL_signed_ingestion_projection_evaluation,APP-02;ART-01;HOOK-01,failed,36.69,AssertionError,docs/review/spanner-compatibility/runs/20261006-cloud-pdlc-8c327a69/observations.json
20261006-cloud-pdlc-api-37f0fdcb,PDLC_OpenDAL_projection_continuation_drain,APP-02;PROJ-02,passed,0.65,,docs/review/spanner-compatibility/runs/20261006-cloud-pdlc-api-37f0fdcb/observations.json
20261006-cloud-pdlc-api-37f0fdcb,PDLC_OpenDAL_recorded_evaluation_gate,APP-02;ART-01,passed,20.25,,docs/review/spanner-compatibility/runs/20261006-cloud-pdlc-api-37f0fdcb/observations.json
20261006-cloud-pdlc-api-37f0fdcb,PDLC_OpenDAL_artifact_HTTP_competencies,APP-02;ART-01,failed,0.57,AssertionError,docs/review/spanner-compatibility/runs/20261006-cloud-pdlc-api-37f0fdcb/observations.json
20261006-cloud-pdlc-api-64e30b68,PDLC_OpenDAL_projection_continuation_drain,APP-02;PROJ-02,passed,1.34,,docs/review/spanner-compatibility/runs/20261006-cloud-pdlc-api-64e30b68/observations.json
20261006-cloud-pdlc-api-64e30b68,PDLC_OpenDAL_recorded_evaluation_gate,APP-02;ART-01,passed,18.28,,docs/review/spanner-compatibility/runs/20261006-cloud-pdlc-api-64e30b68/observations.json
20261006-cloud-pdlc-api-64e30b68,PDLC_OpenDAL_artifact_HTTP_competencies,APP-02;ART-01,passed,20.2,,docs/review/spanner-compatibility/runs/20261006-cloud-pdlc-api-64e30b68/observations.json
20261006-cloud-pdlc-b790ad36,PDLC_signed_webhook_full_fixture_evaluation,APP-02;ART-01;ONT-01;PEXT-01;PEXT-02,passed,44.66,,docs/review/spanner-compatibility/runs/20261006-cloud-pdlc-b790ad36/observations.json
20261006-cloud-pdlc-b790ad36,PDLC_real_target_rebuild_evaluation,ONT-03;APP-02;ART-01,passed,44.85,,docs/review/spanner-compatibility/runs/20261006-cloud-pdlc-b790ad36/observations.json
20261006-cloud-pdlc-b790ad36,PDLC_OpenDAL_signed_ingestion_projection_evaluation,APP-02;ART-01;HOOK-01,passed,473.14,,docs/review/spanner-compatibility/runs/20261006-cloud-pdlc-b790ad36/observations.json
20261006-cloud-processes-01e776a0,independent_API_and_five_worker_process_journey,BOOT-01;APP-01;EXT-01;ENR-01;OPS-02,failed,22.78,AssertionError,docs/review/spanner-compatibility/runs/20261006-cloud-processes-01e776a0/observations.json
20261006-cloud-processes-2212badc,independent_API_and_five_worker_process_journey,BOOT-01;APP-01;EXT-01;ENR-01;OPS-02,failed,47.0,ReadTimeout,docs/review/spanner-compatibility/runs/20261006-cloud-processes-2212badc/observations.json
20261006-cloud-processes-7c6d0b2e,independent_API_and_five_worker_process_journey,BOOT-01;APP-01;EXT-01;ENR-01;OPS-02,failed,76.24,TimeoutError,docs/review/spanner-compatibility/runs/20261006-cloud-processes-7c6d0b2e/observations.json
20261006-cloud-processes-98933a6e,independent_API_and_five_worker_process_journey,BOOT-01;APP-01;EXT-01;ENR-01;OPS-02,passed,50.35,,docs/review/spanner-compatibility/runs/20261006-cloud-processes-98933a6e/observations.json
20261006-cloud-processes-98933a6e,extraction_embedding_native_ANN_full_text,SEARCH-01;SEARCH-02,passed,1.88,,docs/review/spanner-compatibility/runs/20261006-cloud-processes-98933a6e/observations.json
20261006-cloud-processes-b4a91144,phase_setup,BOOT-02;BOOT-03,blocked,0,Unauthenticated,docs/review/spanner-compatibility/runs/20261006-cloud-processes-b4a91144/observations.json
20261006-cloud-processes-ff2de877,independent_API_and_five_worker_process_journey,BOOT-01;APP-01;EXT-01;ENR-01;OPS-02,failed,77.05,TimeoutError,docs/review/spanner-compatibility/runs/20261006-cloud-processes-ff2de877/observations.json
20261006-cloud-recovery-dd24b1e3,process_recovery_before_graph,SUB-02;SUB-03;OPS-03,passed,6.07,,docs/review/spanner-compatibility/runs/20261006-cloud-recovery-dd24b1e3/observations.json
20261006-cloud-recovery-dd24b1e3,process_recovery_before_ack,SUB-02;SUB-03;OPS-03,passed,4.74,,docs/review/spanner-compatibility/runs/20261006-cloud-recovery-dd24b1e3/observations.json
20261006-cloud-recovery-dd24b1e3,process_recovery_transient_once,SUB-02;SUB-03;OPS-03,passed,0.99,,docs/review/spanner-compatibility/runs/20261006-cloud-recovery-dd24b1e3/observations.json
20261006-cloud-recovery-dd24b1e3,process_recovery_permanent_once,SUB-02;SUB-03;OPS-03,failed,4.49,AssertionError,docs/review/spanner-compatibility/runs/20261006-cloud-recovery-dd24b1e3/observations.json
20261006-cloud-replay-93151f94,replay_tied_timestamp_cursor_progress,LIFE-04;LED-02,failed,0.61,AssertionError,docs/review/spanner-compatibility/runs/20261006-cloud-replay-93151f94/observations.json
20261006-cloud-replay-93151f94,replay_API_completes_once_per_event,LIFE-04,failed,30.04,ReadTimeout,docs/review/spanner-compatibility/runs/20261006-cloud-replay-93151f94/observations.json
20261006-cloud-retention-85231d1e,retention_protects_pending_historical_content,LIFE-01;LIFE-02,failed,3.21,AssertionError,docs/review/spanner-compatibility/runs/20261006-cloud-retention-85231d1e/observations.json
20261006-cloud-retention-85231d1e,projection_does_not_silently_ACK_expired_content,LIFE-01;SUB-03,failed,4.11,AssertionError,docs/review/spanner-compatibility/runs/20261006-cloud-retention-85231d1e/observations.json
20261006-cloud-retention-completion-27c3df0c,warm_API_dry_and_live_counts_follow_actual_edge_scores,LIFE-03,passed,0.79,,docs/review/spanner-compatibility/runs/20261006-cloud-retention-completion-27c3df0c/observations.json
20261006-cloud-retention-completion-27c3df0c,native_worker_nonzero_archive_graph_deletion_and_low_similarity_edges,CONS-02;LIFE-03,passed,0.0,,docs/review/spanner-compatibility/runs/20261006-cloud-retention-completion-27c3df0c/observations.json
20261006-cloud-retention-completion-27c3df0c,actual_worker_nonzero_archive_graph_deletion_then_API_cold_dry_live,LIFE-03;CONS-02,passed,1.33,,docs/review/spanner-compatibility/runs/20261006-cloud-retention-completion-27c3df0c/observations.json
20261006-cloud-retention-completion-3dbff638,warm_API_dry_and_live_counts_follow_actual_edge_scores,LIFE-03,failed,9.32,AssertionError,docs/review/spanner-compatibility/runs/20261006-cloud-retention-completion-3dbff638/observations.json
20261006-cloud-retention-completion-3dbff638,native_worker_nonzero_archive_graph_deletion_and_low_similarity_edges,CONS-02;LIFE-03,passed,0.0,,docs/review/spanner-compatibility/runs/20261006-cloud-retention-completion-3dbff638/observations.json
20261006-cloud-retention-completion-3dbff638,actual_worker_nonzero_archive_graph_deletion_then_API_cold_dry_live,LIFE-03;CONS-02,failed,10.77,AssertionError,docs/review/spanner-compatibility/runs/20261006-cloud-retention-completion-3dbff638/observations.json
20261006-cloud-retention-completion-bce5e865,warm_API_dry_and_live_counts_follow_actual_edge_scores,LIFE-03,failed,4.57,TypeError,docs/review/spanner-compatibility/runs/20261006-cloud-retention-completion-bce5e865/observations.json
20261006-cloud-retention-completion-bce5e865,actual_worker_nonzero_archive_graph_deletion_then_API_cold_dry_live,LIFE-03;CONS-02,failed,5.53,TypeError,docs/review/spanner-compatibility/runs/20261006-cloud-retention-completion-bce5e865/observations.json
20261006-cloud-schema-9f308301,startup_dimension_mismatch,BOOT-03;OPS-03,passed,10.28,,docs/review/spanner-compatibility/runs/20261006-cloud-schema-9f308301/observations.json
20261006-cloud-schema-fd247214,startup_dimension_mismatch,BOOT-03;OPS-03,failed,10.27,AssertionError,docs/review/spanner-compatibility/runs/20261006-cloud-schema-fd247214/observations.json
20261006-cloud-search-cf3b5c0f,native_entity_vector_label_isolation,SEARCH-02;MEM-03,passed,0.16,,docs/review/spanner-compatibility/runs/20261006-cloud-search-cf3b5c0f/observations.json
20261006-cloud-shutdown-30786378,API_lifecycle_releases_owned_Spanner_session_manager,BOOT-01,passed,3.15,,docs/review/spanner-compatibility/runs/20261006-cloud-shutdown-30786378/observations.json
20261006-cloud-shutdown-71530641,API_lifecycle_releases_owned_Spanner_session_manager,BOOT-01,failed,1.74,AssertionError,docs/review/spanner-compatibility/runs/20261006-cloud-shutdown-71530641/observations.json
20261006-cloud-shutdown-9df04375,API_lifecycle_releases_owned_Spanner_session_manager,BOOT-01,failed,,HarnessError,docs/review/spanner-compatibility/runs/20261006-cloud-shutdown-9df04375/observations.json
20261006-cloud-startup-a9067dfe,startup_adc,BOOT-02;OPS-03,blocked,14.69,RuntimeError,docs/review/spanner-compatibility/runs/20261006-cloud-startup-a9067dfe/observations.json
20261006-cloud-startup-a9067dfe,startup_invalid_token,BOOT-02;OPS-03,passed,5.66,,docs/review/spanner-compatibility/runs/20261006-cloud-startup-a9067dfe/observations.json
20261006-cloud-startup-a9067dfe,startup_missing_database,BOOT-03;OPS-03,passed,5.05,,docs/review/spanner-compatibility/runs/20261006-cloud-startup-a9067dfe/observations.json
20261006-cloud-startup-a9067dfe,startup_dimension_mismatch,BOOT-03;OPS-03,failed,6.23,AssertionError,docs/review/spanner-compatibility/runs/20261006-cloud-startup-a9067dfe/observations.json
20261006-cloud-stats-67dad977,admin_stats_count_pack_types,OPS-01,failed,1.44,KeyError,docs/review/spanner-compatibility/runs/20261006-cloud-stats-67dad977/observations.json
20261006-cloud-stats-a4a0c509,admin_stats_count_pack_types,OPS-01,failed,1.22,AssertionError,docs/review/spanner-compatibility/runs/20261006-cloud-stats-a4a0c509/observations.json
20261006-cloud-subscriptions-7700ac35,all_sixteen_shards_two_independent_actual_workers,SUB-01,passed,11.39,,docs/review/spanner-compatibility/runs/20261006-cloud-subscriptions-7700ac35/observations.json
20261006-cloud-subscriptions-7700ac35,late_group_history_pending_pages_partial_ACK_and_DLQ,SUB-01;SUB-02,passed,2.89,,docs/review/spanner-compatibility/runs/20261006-cloud-subscriptions-7700ac35/observations.json
20261006-cloud-subscriptions-7700ac35,blocking_subscription_wakes_for_new_API_event,SUB-01,passed,1.21,,docs/review/spanner-compatibility/runs/20261006-cloud-subscriptions-7700ac35/observations.json
20261006-cloud-subscriptions-7700ac35,uncertain_commit_API_retry_duplicate_preserves_payload,ING-04;OPS-04,failed,1.77,AssertionError,docs/review/spanner-compatibility/runs/20261006-cloud-subscriptions-7700ac35/observations.json
20261006-cloud-upgrades-34db37fe,phase_setup,BOOT-02;BOOT-03,blocked,0,TypeError,docs/review/spanner-compatibility/runs/20261006-cloud-upgrades-34db37fe/observations.json
20261006-cloud-upgrades-bdcddac8,custom_pack_initial_import_projection,ONT-02;PROJ-02;ING-05,passed,3.56,,docs/review/spanner-compatibility/runs/20261006-cloud-upgrades-bdcddac8/observations.json
20261006-cloud-upgrades-bdcddac8,additive_upgrade_and_version_breaking_refusals,ONT-02,passed,0.8,,docs/review/spanner-compatibility/runs/20261006-cloud-upgrades-bdcddac8/observations.json
20261006-cloud-upgrades-bdcddac8,mapping_replay_failure_retries_after_fault_removed,ONT-02,failed,1.19,AssertionError,docs/review/spanner-compatibility/runs/20261006-cloud-upgrades-bdcddac8/observations.json
20261006-cloud-upgrades-bdcddac8,rebuild_refuses_populated_incompatible_target,ONT-03,passed,7.06,,docs/review/spanner-compatibility/runs/20261006-cloud-upgrades-bdcddac8/observations.json
20261006-cloud-upgrades-bdcddac8,real_target_rebuild_missing_document_fails_closed,ONT-03;LIFE-02,failed,9.28,AssertionError,docs/review/spanner-compatibility/runs/20261006-cloud-upgrades-bdcddac8/observations.json
20261006-cloud-user-delete-recheck-fb617e0d,user_delete_owned_nodes_edges_removed_shared_data_and_ledger_preserved,USER-02,passed,0.35,,docs/review/spanner-compatibility/runs/20261006-cloud-user-delete-recheck-fb617e0d/observations.json
20261006-cloud-user-feedback-09524f75,user_active_preferences_categories_patterns_export_and_shared_deletion,USER-01;USER-02,passed,15.55,,docs/review/spanner-compatibility/runs/20261006-cloud-user-feedback-09524f75/observations.json
20261006-cloud-user-feedback-09524f75,feedback_clamps_duplicate_overlap_missing_and_resubmission_audits,FB-01,passed,5.01,,docs/review/spanner-compatibility/runs/20261006-cloud-user-feedback-09524f75/observations.json
20261006-cloud-user-feedback-788c18fa,user_active_preferences_categories_patterns_export_and_shared_deletion,USER-01;USER-02,failed,2.1,TypeError,docs/review/spanner-compatibility/runs/20261006-cloud-user-feedback-788c18fa/observations.json
20261006-cloud-user-feedback-788c18fa,feedback_clamps_duplicate_overlap_missing_and_resubmission_audits,FB-01,passed,5.03,,docs/review/spanner-compatibility/runs/20261006-cloud-user-feedback-788c18fa/observations.json
20261006-cloud-user-feedback-f83b33b9,phase_setup,BOOT-02;BOOT-03,blocked,0,ImportError,docs/review/spanner-compatibility/runs/20261006-cloud-user-feedback-f83b33b9/observations.json
20261006-cloud-vector-9f8fc3ca,HTTP_vector_only_existing_session_with_reference_evidence,MEM-03;SEARCH-02,failed,0.71,AssertionError,docs/review/spanner-compatibility/runs/20261006-cloud-vector-9f8fc3ca/observations.json
20261006-cloud-webhook-handlers-53644154,signed_GitHub_Jira_all_supported_handlers_actions_and_ignored,HOOK-01;HOOK-02,passed,6.97,,docs/review/spanner-compatibility/runs/20261006-cloud-webhook-handlers-53644154/observations.json
20261006-cloud-webhook-handlers-53644154,signed_body_dedup_independent_of_delivery_ID,HOOK-03;ING-04,passed,0.34,,docs/review/spanner-compatibility/runs/20261006-cloud-webhook-handlers-53644154/observations.json
20261006-cloud-webhook-handlers-53644154,all_webhook_normalized_events_actual_projection,HOOK-01;HOOK-02;APP-02,passed,36.33,,docs/review/spanner-compatibility/runs/20261006-cloud-webhook-handlers-53644154/observations.json
20261006-cloud-webhook-handlers-5556f879,signed_GitHub_Jira_all_supported_handlers_actions_and_ignored,HOOK-01;HOOK-02,failed,5.92,AssertionError,docs/review/spanner-compatibility/runs/20261006-cloud-webhook-handlers-5556f879/observations.json
20261006-cloud-webhook-handlers-5556f879,signed_body_dedup_independent_of_delivery_ID,HOOK-03;ING-04,passed,0.32,,docs/review/spanner-compatibility/runs/20261006-cloud-webhook-handlers-5556f879/observations.json
20261006-cloud-webhook-handlers-5556f879,all_webhook_normalized_events_actual_projection,HOOK-01;HOOK-02;APP-02,passed,28.23,,docs/review/spanner-compatibility/runs/20261006-cloud-webhook-handlers-5556f879/observations.json
20261006-cloud-workload-completion-660c44b3,two_API_instances_bounded_context_workload_and_backlog_drain,OPS-05,passed,30.65,,docs/review/spanner-compatibility/runs/20261006-cloud-workload-completion-660c44b3/observations.json
20261007-local-pack-neutral-design-01,current_registry_admission_distinguishes_loaded_closed_namespace_only,,passed,,,docs/review/spanner-compatibility/runs/20261007-local-pack-neutral-design-01/observations.json
